2026-01-27T08:38:25Z,b4ffd0e3-6bca-4c2c-8f9b-1fd9a902b186,error,0
2026-01-27T08:42:22Z,b4ffd0e3-6bca-4c2c-8f9b-1fd9a902b186,completed,0
2026-01-27T08:50:34Z,b4ffd0e3-6bca-4c2c-8f9b-1fd9a902b186,completed,0
2026-01-27T17:03:35Z,b4ffd0e3-6bca-4c2c-8f9b-1fd9a902b186,error,0
2026-01-27T17:05:07Z,b4ffd0e3-6bca-4c2c-8f9b-1fd9a902b186,error,0
2026-01-27T17:08:39Z,b4ffd0e3-6bca-4c2c-8f9b-1fd9a902b186,error,0
2026-01-27T17:11:55Z,b4ffd0e3-6bca-4c2c-8f9b-1fd9a902b186,error,0
2026-01-27T17:13:27Z,b4ffd0e3-6bca-4c2c-8f9b-1fd9a902b186,error,0
2026-01-27T17:16:02Z,b4ffd0e3-6bca-4c2c-8f9b-1fd9a902b186,error,0
2026-01-27T17:17:49Z,b4ffd0e3-6bca-4c2c-8f9b-1fd9a902b186,error,0
2026-01-27T17:20:09Z,b4ffd0e3-6bca-4c2c-8f9b-1fd9a902b186,error,0
2026-01-27T17:22:07Z,b4ffd0e3-6bca-4c2c-8f9b-1fd9a902b186,aborted,0
2026-01-27T17:22:47Z,a41c1e33-42cb-4cf0-ba1b-9ec32e77a9fb,error,0
2026-01-27T17:33:22Z,a41c1e33-42cb-4cf0-ba1b-9ec32e77a9fb,completed,0
