2026-01-31T09:36:33Z,a41c1e33-42cb-4cf0-ba1b-9ec32e77a9fb,completed,0
2026-01-31T09:43:01Z,a41c1e33-42cb-4cf0-ba1b-9ec32e77a9fb,completed,0
2026-01-31T09:45:00Z,a41c1e33-42cb-4cf0-ba1b-9ec32e77a9fb,completed,0
2026-01-31T12:30:36Z,5fc8b4f6-695d-4cc0-b7f1-127ae64a6d98,completed,0
2026-01-31T13:02:10Z,5fc8b4f6-695d-4cc0-b7f1-127ae64a6d98,completed,0
2026-01-31T13:10:29Z,5fc8b4f6-695d-4cc0-b7f1-127ae64a6d98,completed,0
2026-01-31T13:11:57Z,5fc8b4f6-695d-4cc0-b7f1-127ae64a6d98,completed,0
2026-01-31T13:12:36Z,5fc8b4f6-695d-4cc0-b7f1-127ae64a6d98,completed,0
2026-01-31T13:25:24Z,5fc8b4f6-695d-4cc0-b7f1-127ae64a6d98,completed,0
2026-01-31T13:29:59Z,5fc8b4f6-695d-4cc0-b7f1-127ae64a6d98,completed,0
2026-01-31T13:39:20Z,5fc8b4f6-695d-4cc0-b7f1-127ae64a6d98,completed,0
2026-01-31T13:43:16Z,5fc8b4f6-695d-4cc0-b7f1-127ae64a6d98,completed,0
2026-01-31T13:56:19Z,5fc8b4f6-695d-4cc0-b7f1-127ae64a6d98,completed,0
2026-01-31T13:58:56Z,5fc8b4f6-695d-4cc0-b7f1-127ae64a6d98,completed,0
2026-01-31T14:03:55Z,5fc8b4f6-695d-4cc0-b7f1-127ae64a6d98,completed,0
2026-01-31T14:18:44Z,5fc8b4f6-695d-4cc0-b7f1-127ae64a6d98,completed,0
2026-01-31T14:32:58Z,5fc8b4f6-695d-4cc0-b7f1-127ae64a6d98,completed,0
2026-01-31T15:14:07Z,5fc8b4f6-695d-4cc0-b7f1-127ae64a6d98,completed,0
2026-01-31T15:16:20Z,5fc8b4f6-695d-4cc0-b7f1-127ae64a6d98,completed,0
2026-01-31T15:17:10Z,5fc8b4f6-695d-4cc0-b7f1-127ae64a6d98,completed,0
2026-01-31T15:20:48Z,5fc8b4f6-695d-4cc0-b7f1-127ae64a6d98,completed,0
2026-01-31T15:26:45Z,5fc8b4f6-695d-4cc0-b7f1-127ae64a6d98,completed,0
2026-01-31T15:32:43Z,5fc8b4f6-695d-4cc0-b7f1-127ae64a6d98,completed,0
